;;;;;Стоимость;;фото для баннеров;
товар ;;категория;Название; ;;;DSC_2439.jpg;два изумрудных кольца на руке
1;DSC_2367.jpg;Помолвочные кольца;кольцо с бриллиантом один карат;"Роскошное кольцо в белом золоте с бриллиантом 1 карат. 
Кольцо, которое подчеркнет вашу индивидуальность и элегантность. Центральным элементом кольца является сверкающий бриллиант весом 1 карат, окруженный изящной бриллиантовой дорожкой, создающей эффект бесконечного сияния.
Характеристики изделия:
- Материал: золото 750/580 пробы, платина (кольцо, возможно, выполнить в белом золоте, розовом золоте, жёлтом золоте).
- Центральный камень: природный бриллиант 1 карат G SI1
- Дополнительные камни: природные бриллианты в дорожке общим весом 0,544 карат

Это кольцо станет прекрасным выбором для особых случаев, таких как помолвка, свадьба или подарок любимой. Оно идеально подойдет для тех, кто ценит классику и изысканность. Изделие изготовлено с использованием высококачественных материалов и ювелирных техник, гарантирующих долговечность и сохранение блеска на долгие годы.

Подчеркните свою уникальность шедевром ювелирного искусства!   


Как заказать?
Свяжитесь с нашим менеджером для консультации и расчёта стоимости вашего персонального украшения. Мы поможем подобрать идеальный вариант, учитывая ваши предпочтения и бюджет.            * Окончательная стоимость изделия рассчитывается менеджером индивидуально, с учетом ваших размеров, выбранного материала и характеристик камней.    Указанная стоимость не является публичной офертой.";1 100 000,00  ;;DSC_2487.jpg;кольцо с топазом и льдом
;DSC_2373.jpg;;;;;;DSC_2517.jpg;кольцо с топазом и льдом
2;DSC_2380.jpg;Помолвочные кольца;"кольцо с бриллиантом ""принцесса""";"Изящное кольцо в белом золоте с природным бриллиантом огранки ""Принцесса""

Представляем исключительный дизайн, сочетающий роскошь белого золота и великолепие центрального бриллианта огранки ""Принцесса"" весом 1 карат. Этот драгоценный камень обладает уникальной квадратной формой, придающей кольцу современный и утончённый вид.

Окружённая тонкой бриллиантовой дорожкой, центральная вставка создает ощущение непрерывного мерцания света. Такое изделие прекрасно дополнит образ невесты или украсит руку женщины, предпочитающей элегантность и шарм.

Характеритсики изделия:

- Материал:  золото 750/585 пробы (кольцо возможно выполнить в белом золоте, розовом золоте, жёлтом золоте)
- Центральный камень: природный бриллиант огранки ""Принцесса"", вес 1 карат.
- Дополнительные вставки: бриллиантовая дорожка.

Кольцо станет идеальным подарком для романтического повода, свадьбы или просто символическим выражением любви и восхищения.

Как заказать?
Свяжитесь с нашим менеджером для консультации и расчёта стоимости вашего персонального украшения. Мы поможем подобрать идеальный вариант, учитывая ваши предпочтения и бюджет.                    * Окончательная стоимость изделия рассчитывается менеджером индивидуально, с учетом ваших размеров, выбранного материала и характеристик камней.    Указанная стоимость не является публичной офертой.
";1 350 000,00  ;;DSC_2817.jpg;Пара рук в театре
;DSC_2386.jpg;;;;;;DSC_2945.jpg;кольца с цветком
3;DSC_2398.jpg;Помолвочные кольца;Помолвочное кольцо с бриллиантом 0,5 карат;"Кольцо из золота с природным бриллиантом 0,5 карат — эксклюзивный подарок.  

Кольцо выполнено в классическом стиле с современной интерпретацией, идеально подходит для любого случая.

Характеристики изделия:

- Материал:  золото 750/585 пробы (кольцо возможно выполнить в белом золоте, розовом золоте, жёлтом золоте)
- Центральный камень: природный бриллиант круголой огранки, вес 0,5 карат F VVS2
- Дополнительные вставки: бриллиантовая дорожка общим весом 1,2 карат

Мы используем исключительно природные камни высшего качества, подчеркивающие уникальность вашего выбора.

 Дорожка из мелких бриллиантов: Добавляет роскоши и делает намного заметнее центральный бриллиант.

Как заказать?
Свяжитесь с нашим менеджером для консультации и расчёта стоимости вашего персонального украшения. Мы поможем подобрать идеальный вариант, учитывая ваши предпочтения и бюджет.                     * Окончательная стоимость изделия рассчитывается менеджером индивидуально, с учетом ваших размеров, выбранного материала и характеристик камней.    Указанная стоимость не является публичной офертой.
";450 000,00  ;;;
;DSC_2403.jpg;;;;;;DSC_3013.jpg;морганит с круасанами
;DSC_3046.jpg;;;;;;;
4;DSC_2407.jpg;Кольца с цветными камнями;Кольцо с природным изумрудом;"Кольцо из белого золота с изумрудом и бриллиантами — воплощение элегантности и стиля.

 Центральный камень — натуральный изумруд, обладающий неповторимым оттенком зеленого цвета, символизирует мудрость, богатство и гармонию. 

Ободок из мельчайших бриллиантов усиливает блеск изумруда, создавая игру света и тени. Благодаря такому сочетанию цветов и форм создается уникальное ювелирное украшение, привлекающее внимание и восхищение окружающих.

  
Характеристики изделия: 
- Материал:  золото 750/585 пробы (кольцо возможно выполнить в белом золоте, розовом золоте, жёлтом золоте)
- Центральный камень: природный изумруд ""Принцесса"", вес 0,61 карат.
- Дополнительные вставки: природные бриллианты общим весом 0,3 карат. 
  Возможность изготовления под заказ. Мы предлагаем вам возможность создать уникальное украшение, соответствующее вашим предпочтениям и требованиям. Вы сможете выбрать идеальный размер и форму изделия, сделав его поистине индивидуальным.    
Как заказать?
Свяжитесь с нашим менеджером для консультации и расчёта стоимости вашего персонального украшения. Мы поможем подобрать идеальный вариант, учитывая ваши предпочтения и бюджет.       * Окончательная стоимость изделия рассчитывается менеджером индивидуально, с учетом ваших размеров, выбранного материала и характеристик камней.    Указанная стоимость не является публичной офертой.
";180 000,00  ;;DSC_3135.jpg;Руки с тестом
;DSC_2425.jpg;;;;;;;
5;DSC_2447.jpg;Кольца с цветными камнями;Кольцо с морганитом и бриллиантами фантазийной огранки;"Женское кольцо с природным морганитом и боковыми бриллиантами.
Натуральный розовый морганит, наделённый магической способностью привлекать удачу и счастье. Фантазийная огранка бриллиантов добавляет дизайну особый шарм и подчеркивает уникальные грани центрального камня.
Характеристики изделия: - Материал:  золото 750/585 пробы (кольцо возможно выполнить в белом золоте, розовом золоте, жёлтом золоте)
- Центральный камень: природный морганит. - Дополнительгые вставки: бриллианты фаназийной огранки.
Авторская работа мастеров-ювелиров, позволяющая воплотить ваши самые смелые идеи. Натуральные и сертифицированные камни, гарантирующие подлинность и высокое качество каждого изделия.

Хотите поразить близких оригинальным подарком или подчеркнуть свою оригинальность и тонкое чувство вкуса? Тогда это кольцо точно придется вам по душе!

Как заказать?
Свяжитесь с нашим менеджером для консультации и расчёта стоимости вашего персонального украшения. Мы поможем подобрать идеальный вариант, учитывая ваши предпочтения и бюджет.          * Окончательная стоимость изделия рассчитывается менеджером индивидуально, с учетом ваших размеров, выбранного материала и характеристик камней.
   Указанная стоимость не является публичной офертой.
";по запросу;;;
6;DSC_2461.jpg;Кольца с цветными камнями;Кольцо с цитрином;"Кольцо с цитрином и натуральными бриллиантами — символ счастья и благополучия.

Это кольцо воплотило в себе тепло солнечных лучей. Цитрин канареечного цвета окружённый сиянием природных бриллиантов. 

Основные преимущества нашего кольца:

- Редкость природного материала: Цитрины ценятся коллекционерами и поклонниками украшений за редкую глубину оттенков и способность создавать ощущение внутреннего тепла.
- Природные бриллианты: гармонично дополняют свет и переливы цитрина, усиливая визуальную привлекательность изделия.
- Классический дизайн: Простота и лаконичность позволяют носить кольцо ежедневно, придавая уверенность и шарм.
Характеристики изделия:

- Материал:  золото 750/585 пробы (кольцо возможно выполнить в белом золоте, розовом золоте, жёлтом золоте)
- Центральный камень: природный цитрин 
- Дополнительные вставки: природные бриллианты общим весом 0,87 карат.
Как заказать?
Свяжитесь с нашим менеджером для консультации и расчёта стоимости вашего персонального украшения. Мы поможем подобрать идеальный вариант, учитывая ваши предпочтения и бюджет.    * Окончательная стоимость изделия рассчитывается менеджером индивидуально, с учетом ваших размеров, выбранного материала и характеристик камней
";260 000,00  ;;;
;DSC_2467.jpg;;;;;;;
7;DSC_2481.jpg;Кольца с цветными камнями;Кольцо с голубым топазом;"Кольцо с небесно-голубым топазом и сверкающей бриллиантовой дорожкой.
Кольцо с голубым топазом, как настоящее произведение ювелирного искусства, поражающим своим спокойствием и женственностью. Небесно-голубой оттенок натурального топаза создаёт впечатление лёгкости и свежести, словно капля чистой воды, наполненная светом. 
Характеристика изделия:
- Материал: золото 750/580 пробы (кольцо, возможно, выполнить в белом золоте, розовом золоте, жёлтом золоте).
- Центральный камень: топаз нежно-голубого цвета 1,5 карат.
- Дополнительные камни: природные бриллианты в дорожке общим весом 0,3 карат.
Как заказать?
Свяжитесь с нашим менеджером для консультации и расчёта стоимости вашего персонального украшения. Мы поможем подобрать идеальный вариант, учитывая ваши предпочтения и бюджет. * Окончательная стоимость изделия рассчитывается менеджером индивидуально, с учетом ваших размеров, выбранного материала и характеристик камней

";123 000,00  ;;;
;DSC_2479.jpg;;;;;;;
;DSC_3063.jpg;;;;;;;
8;DSC_2499.jpg;Кольца с бриллиантами;"Кольцо с бриллиантом эмеральд 
";"Кольцо с бриллиантом огранки Эмеральд


Идеальное сочетание роскоши и стиля, кольцо выполнено в золоте и украшено центральным бриллиантом изумрудной огранки с бриллиантовой дорожкой. Это кольцо станет отражением вашего безупречного вкуса и элегантности.
Характеристики изделия:  - Материал: золото 750/585 пробы (кольцо возможно выполнить в белом золоте, розовом золоте, жёлтом золоте).
- Центральный камень: Природный бриллиант идеальной огранки Эмеральд (изумрудной огранки) придает изделию неповторимый шарм и изысканность.
- Дополнительные камни: дорожка драгоценных сверкающих камней подчеркивает красоту центрального камня и создает впечатление дорогого ювелирного изделия премиум-класса.

Приобретение кольца с бриллиантом Эмеральд — это инвестиция в вашу индивидуальность. Будьте уверены, что ваше приобретение останется актуальным долгие годы благодаря своему стилю и привлекательному дизайну.

Как заказать?
Свяжитесь с нашим менеджером для консультации и расчёта стоимости вашего персонального украшения. Мы поможем подобрать идеальный вариант, учитывая ваши предпочтения и бюджет.   * Окончательная стоимость изделия рассчитывается менеджером индивидуально, с учетом ваших размеров, выбранного материала и характеристик камней.    Указанная стоимость не является публичной офертой.

";по запросу;;;
9;DSC_2533.jpg;Кольца с цветными камнями;Кольцо с цитрином и бриллиантами;"Кольцо из золота с цитрином конореечного цвета и природными бриллиантами багетной огранки

Кольцо с жёлтым цитрином сочитает классику благородства и смелые современные тенденции дизайна. Отличительной чертой изделия становится центральный цитрин насыщенного конореечного оттенка, признанного топовым среди всех оттенков цитрина. Благодаря природным свойствам камня кольцо обладает глубокими выразительными красками, играющими светом при каждом движении руки.

 Характеристики кольца:

- Материал: золото 750/585 пробы (кольцо возможно выполнить в белом золоте, розовом золоте, жёлтом золоте). Центральный камень: Цитрин натурального происхождения, обладающий насыщенным конореечным оттенком, символизирующим богатство и успех.
Дополнительные камни: природные бриллианты багетной огранки.


Уникальное сочетание натуральных материалов и изысканного дизайна привлекает внимание и выделяет вас среди окружающих.
Качество изготовления соответствует международным стандартам ювелирного дела, обеспечивая долговечную привлекательность изделия.
Идеально подходит как подарок самому себе, так и близким людям, стремящимся подчеркнуть свою уникальность и значимость.

Как заказать?
Свяжитесь с нашим менеджером для консультации и расчёта стоимости вашего персонального украшения. Мы поможем подобрать идеальный вариант, учитывая ваши предпочтения и бюджет.
  * Окончательная стоимость изделия рассчитывается менеджером индивидуально, с учетом ваших размеров, выбранного материала и характеристик камней.    Указанная стоимость не является публичной офертой.";180 000,00  ;;;
10;DSC_2542.jpg;Кольца с бриллиантами;Кольцо с бриллиантом изумрудной огранки;"Представляем вашему вниманию уникальное золотое кольцо с ослепительным центром внимания — бриллиантом огранки Эмеральд (Изумрудная огранка). Это кольцо покорит сердца поклонников классического и одновременно современного подхода к созданию ювелирных изделий.

Характеристики изделия: 
- Материал: золото 750/580 пробы, платина (кольцо, возможно, выполнить в белом золоте, розовом золоте, жёлтом золоте или платине).
- Центральный камень: природный бриллиант  изумрудной огранки (возможно, сделать индивидуальный подбор драгоценных камней).
- Дополнительные камни: природные бриллианты в дорожке.


Почему стоит выбрать именно это кольцо?

- Современный дизайн, сочетающийся с классической эстетикой.
- Эксклюзивность огранки центрального камня привлекают внимание и создают особый статус владельцу.
- Великолепно дополнит любые образы — от повседневных до праздничных мероприятий.

Как заказать?
Свяжитесь с нашим менеджером для консультации и расчёта стоимости вашего персонального украшения. Мы поможем подобрать идеальный вариант, учитывая ваши предпочтения и бюджет.    * Окончательная стоимость изделия рассчитывается менеджером индивидуально, с учетом ваших размеров, выбранного материала и характеристик камней";по запросу;;;
;DSC_2552.jpg;;;;;;;
11;DSC_2557.jpg;женские Обручальные кольца;Женское обручальное кольцо с бриллиантом принцесса;"Женское обручальное кольцо шириной 3,0 мм с центральной вставкой бриллиантом фантазийной огранки ""Принцесса"". (бриллиант квадратной формы)

Представляем изящное женское обручальное кольцо, из белого золота с бриллиантом 

 Характеристики: 
Материал: золото 750/580 пробы, платина (кольцо, возможно, выполнить в белом золоте, розовом золоте, жёлтом золоте или платине).
- Центральный камень: природный бриллиант  фантазийной огранки принцесса F VVS1 (возможно, сделать индивидуальный подбор драгоценных камней). 
- Ширина кольца: 3,0 мм обеспечивает комфортное ежедневное использование и гармонично сочетается с любым образом.

Как заказать?
Свяжитесь с нашим менеджером для консультации и расчёта стоимости вашего персонального украшения. Мы поможем подобрать идеальный вариант, учитывая ваши предпочтения и бюджет.
 * Окончательная стоимость изделия рассчитывается менеджером индивидуально, с учетом ваших размеров, выбранного материала и характеристик камней.    Указанная стоимость не является публичной офертой.";106 000,00  ;;;
;DSC_2563.jpg;;;;;;;
12;DSC_2571.jpg;Помолвочные кольца;Помолвочное кольцо с бриллиантом;"Женское помолвочное кольцо из белого золота с натуральным бриллиантом 0,25 карат

 Изысканное кольцо для незабываемых моментов. Уверенно заявляйте миру о своем выборе, надев красивое и современное помолвочное кольцо из белого золота с великолепным природным бриллиантом круглой огранки весом 0,25 карат.

 Классический дизайн: гармоничное исполнение придаёт внешнему виду легкость и воздушность, идеально вписываясь в любой образ невесты.

 Характеристики: 
Материал: золото 750/580 пробы, платина (кольцо, возможно, выполнить в белом золоте, розовом золоте, жёлтом золоте или платине).
- Центральный камень: природный бриллиант  круглой огранки 0,25 карат F VVS1 (возможно, сделать индивидуальный подбор драгоценных камней). 

Как заказать?
Свяжитесь с нашим менеджером для консультации и расчёта стоимости вашего персонального украшения. Мы поможем подобрать идеальный вариант, учитывая ваши предпочтения и бюджет.
 * Окончательная стоимость изделия рассчитывается менеджером индивидуально, с учетом ваших размеров, выбранного материала и характеристик камней.    Указанная стоимость не является публичной офертой.";79 000,00  ;;;
13;DSC_2574.jpg;Помолвочные кольца;Помолвочное кольцо с бриллиантом;"Помолвочное кольцо из белого золота с природным бриллиантом 0,28 карат

Ваш символ искренней любви и гармонии, воплощенный в современном дизайне и неподражаемом стиле. Стройное, легкое кольцо из белого золота демонстрирует красоту бриллианта, закрепленного надежной оправой.

 Характеристики: 
Материал: золото 750/580 пробы, платина (кольцо, возможно, выполнить в белом золоте, розовом золоте, жёлтом золоте или платине).
- Центральный камень: природный бриллиант  круглой огранки 0,28 карат F VVS1  (возможно, сделать индивидуальный подбор драгоценных камней).

Как заказать?
Свяжитесь с нашим менеджером для консультации и расчёта стоимости вашего персонального украшения. Мы поможем подобрать идеальный вариант, учитывая ваши предпочтения и бюджет.
 * Окончательная стоимость изделия рассчитывается менеджером индивидуально, с учетом ваших размеров, выбранного материала и характеристик камней.    Указанная стоимость не является публичной офертой.
";94 000,00  ;;;
;DSC_2578.jpg;;;;;;;
14;DSC_2591.jpg;Помолвочные кольца;Помолвочное кольцо с бриллиантом 0,5 карат;"Помолвочное кольцо из белого золота с круглым природным бриллиантом 0,4 карат

 Символ вашей бесконечной любви и преданности. Представляем идеальное решение для каждого мужчины, решившего сделать важный шаг навстречу семейному счастью — женское помолвочное кольцо из белого золота с шикарным блестящим бриллиантом в центре. Классический дизайн — вне моды и времен.

 Характеристики: 
Материал: золото 750/580 пробы, платина (кольцо, возможно, выполнить в белом золоте, розовом золоте, жёлтом золоте или платине).
- Центральный камень: природный бриллиант  круглой огранки 0,4 карат. F VVS1   (возможно, сделать индивидуальный подбор драгоценных камней). 

Как заказать?
Свяжитесь с нашим менеджером для консультации и расчёта стоимости вашего персонального украшения. Мы поможем подобрать идеальный вариант, учитывая ваши предпочтения и бюджет.
 * Окончательная стоимость изделия рассчитывается менеджером индивидуально, с учетом ваших размеров, выбранного материала и характеристик камней.    Указанная стоимость не является публичной офертой.";169 000,00  ;;;
15;DSC_2593.jpg;Помолвочные кольца;Помолвочное кольцо;"Помолвочное кольцо из белого золота с натуральным бриллиантом 0,3 карат и бриллиантовой дорожкой

 Ваш идеальный спутник для начала семейной истории. Представляем простое и одновременно очаровательное кольцо, которое сможет передать всю глубину и силу ваших чувств. Сделано из белого золота и украшено бриллиантами, придающими блеск и выразительность.

Дополнительная ценность: бриллиантовая дорожка по краю кольца усиливает общее восприятие и создаёт ещё большее количество ярких отсветов.

Универсальный классический дизайн позволит подобрать кольцо практически к любому образу и ситуации.

 Характеристики: 
Материал: золото 750/580 пробы, платина (кольцо, возможно, выполнить в белом золоте, розовом золоте, жёлтом золоте или платине).
- Центральный камень: природный бриллиант  круглой огранки 0,3 карат. F VVS1  (возможно, сделать индивидуальный подбор драгоценных камней). 
- Дополнительные вставки: бриллиантовая дорожка общим ввесом 0,024 карат

Как заказать?
Свяжитесь с нашим менеджером для консультации и расчёта стоимости вашего персонального украшения. Мы поможем подобрать идеальный вариант, учитывая ваши предпочтения и бюджет.
 * Окончательная стоимость изделия рассчитывается менеджером индивидуально, с учетом ваших размеров, выбранного материала и характеристик камней.   Указанная стоимость не является публичной офертой.";177 000,00  ;;;
;DSC_2597.jpg;;;;;;;
;DSC_2600.jpg;;;;;;;
16;DSC_2603.jpg;Помолвочные кольца;Помолвочное кольцо с бриллиантом;"Женское кольцо клаччисеское с бриллиантом 0,3 карат
 Выразите свою любовь стильно и искренне! Презентуйте избраннице прекрасное кольцо, созданное специально для придания особой значимости моменту признания в чувствах.

 Характеристики: 
Материал: золото 750/580 пробы, платина (кольцо, возможно, выполнить в белом золоте, розовом золоте, жёлтом золоте или платине).
- Центральный камень: природный бриллиант  круглой огранки 0,3 карат F VVS1.  (возможно, сделать индивидуальный подбор драгоценных камней). 

Как заказать?
Свяжитесь с нашим менеджером для консультации и расчёта стоимости вашего персонального украшения. Мы поможем подобрать идеальный вариант, учитывая ваши предпочтения и бюджет.
 * Окончательная стоимость изделия рассчитывается менеджером индивидуально, с учетом ваших размеров, выбранного материала и характеристик камней.    Указанная стоимость не является публичной офертой.";147 000,00  ;;;
;DSC_2605.jpg;;;;;;;
17;DSC_2613.jpg;Помолвочные кольца;Помолвочное кольцо;"Помолвочное кольцо классическое с крупным природным бриллиантом.

 Символ вечной любви и преданности. Мы предлагаем вам поистине королевское произведение ювелирного искусства, воплощённое в классическом исполнении с большим природным бриллиантом, подчёркивающим глубокий смысл момента.

 Характеристики: 
Материал: золото 750/580 пробы, платина (кольцо, возможно, выполнить в белом золоте, розовом золоте, жёлтом золоте или платине).
- Центральный камень: природный бриллиант  круглой огранки от 0,4 карат F VVS1 .  (возможно, сделать индивидуальный подбор драгоценных камней). 

Как заказать?
Свяжитесь с нашим менеджером для консультации и расчёта стоимости вашего персонального украшения. Мы поможем подобрать идеальный вариант, учитывая ваши предпочтения и бюджет.
 * Окончательная стоимость изделия рассчитывается менеджером индивидуально, с учетом ваших размеров, выбранного материала и характеристик камней.    Указанная стоимость не является публичной офертой.";320 000,00  ;;;
;DSC_2615.jpg;;;;;;;
18;DSC_2619.jpg;Помолвочные кольца;Помолвочное кольцо с бриллиантом 0,3 карат;"Широкое помолвочное кольцо с крупным бриллиантом от 0,3 карат

 Наслаждайтесь чувством любви и заботы с каждым взглядом на кольцо, которое отражает самые светлые моменты вашей жизни! 
Характеристики: 
Материал: золото 750/580 пробы, платина (кольцо, возможно, выполнить в белом золоте, розовом золоте, жёлтом золоте или платине).
- Центральный камень: природный бриллиант  круглой огранки от 0,4 карат.  (возможно, сделать индивидуальный подбор драгоценных камней). 

Как заказать?
Свяжитесь с нашим менеджером для консультации и расчёта стоимости вашего персонального украшения. Мы поможем подобрать идеальный вариант, учитывая ваши предпочтения и бюджет.
 * Окончательная стоимость изделия рассчитывается менеджером индивидуально, с учетом ваших размеров, выбранного материала и характеристик камней.   Указанная стоимость не является публичной офертой.";164 000,00  ;;;
;DSC_2620.jpg;;;;;;;
19;DSC_2631.jpg;мужские Обручальные кольца;Мужское широкой обручальное кольцо;"Мужское кольцо широкое с декором 
 Яркий и мужественный аксессуар, который обратит на вас внимание в любой ситуации!

Это массивное мужское кольцо с узором «Лёд» символизирует стойкость характера и внутреннюю энергию обладателя. Идеально впишется в стиль уверенных в себе мужчин, предпочитающих оригинальные решения в оформлении внешности.
Характеристики: 
Материал: золото 750/580 пробы, платина (кольцо, возможно, выполнить в белом золоте, розовом золоте, жёлтом золоте или платине).

Как заказать?
Свяжитесь с нашим менеджером для консультации и расчёта стоимости вашего персонального украшения. Мы поможем подобрать идеальный вариант, учитывая ваши предпочтения и бюджет.
 * Окончательная стоимость изделия рассчитывается менеджером индивидуально, с учетом ваших размеров, выбранного материала и характеристик камней.    Указанная стоимость не является публичной офертой.";99 000,00  ;;;
;DSC_2650.jpg;;;;;;;
20;DSC_2661.jpg;мужские Обручальные кольца;Мужское обручальное кольцо с эксклюзивным дизайном;"Мужское обручальное кольцо из золота с эксклюзивным Дизайном.


Обручальное кольцо для настоящих джентльменов, стремящихся подчеркнуть свою уникальную личность и индивидуальность. Обручальное кольцо выполнено из золота высшей пробы и украшено оригинальным декором, что придает ему особое значение и выделяет вас среди остальных. Идеально подходит для ежедневного использования благодаря комфортной посадке и гладким краям.


Характеристики: 
Материал: золото 750/580 пробы, платина (кольцо, возможно, выполнить в белом золоте, розовом золоте, жёлтом золоте или платине).
Как заказать?
Свяжитесь с нашим менеджером для консультации и расчёта стоимости вашего персонального украшения. Мы поможем подобрать идеальный вариант, учитывая ваши предпочтения и бюджет.
 * Окончательная стоимость изделия рассчитывается менеджером индивидуально, с учетом ваших размеров, выбранного материала и характеристик камней.    Указанная стоимость не является публичной офертой.";150 000,00  ;;;
;DSC_2663.jpg;;;;;;;
21;DSC_2677.jpg;мужские Обручальные кольца;Мужское классическое обручальное кольцо;"Представляем вашему вниманию классическое  узкое мужское кольцо с уникальным исполнением граней. Простой, но стильный дизайн позволяет носить кольцо ежедневно, подчеркивая ваш личный стиль. Благодаря эргономичной форме и удобному размеру кольцо идеально сидит на пальце. Главное преимущество этого кольца в том, что оно символизирует постоянство и верность в отношениях.

Характеристики: 
Материал: золото 750/580 пробы, платина (кольцо, возможно, выполнить в белом золоте, розовом золоте, жёлтом золоте или платине).
Как заказать?
Свяжитесь с нашим менеджером для консультации и расчёта стоимости вашего персонального украшения. Мы поможем подобрать идеальный вариант, учитывая ваши предпочтения и бюджет.

* Окончательная стоимость изделия рассчитывается менеджером индивидуально, с учетом ваших размеров, выбранного материала и характеристик камней.    Указанная стоимость не является публичной офертой.
";84 000,00  ;;;
;DSC_2673.jpg;;;;;;;
22;DSC_2725.jpg;Обручальные кольца;Обручальные кольца с изумрудами и бриллиантами из комбинированного золота;"Обручальные кольца из комбинированного золота с природными бриллиантами и изумрудами. Созданы для вечной любви. Настоящие природные бриллианты и изумруды подчеркнут вашу уникальность и индивидуальность. Идеальное сочетание разных оттенков металла придаёт кольцам изысканность и элегантность. Каждое кольцо создано вручную мастерами ювелирного дела, обеспечивая неповторимый стиль и оригинальность.

Характеристики: 
Материал: золото 750/580 пробы, платина (кольцо, возможно, выполнить в белом золоте, розовом золоте, жёлтом золоте или платине).
- Драгоценные вставки: природные бриллианты и изумруды в женском и мужском кольце круглой огранки  (возможно, сделать индивидуальный подбор драгоценных камней).
Как заказать?
Свяжитесь с нашим менеджером для консультации и расчёта стоимости вашего персонального украшения. Мы поможем подобрать идеальный вариант, учитывая ваши предпочтения и бюджет.

* Окончательная стоимость изделия рассчитывается менеджером индивидуально, с учетом ваших размеров, выбранного материала и характеристик камней.
    Указанная стоимость не является публичной офертой.
";360 000,00  ;;;
;DSC_2726.jpg;;;;;;;
23;DSC_2764.jpg;Обручальные кольца;Обручальные кольца классические с бриллиантовой дорожкой;"Элегантные обручальные кольца из белого золота классического стиля с из бриллиантовой дорожкой. Эти кольца символ любви и гармонии. Обручальные кольца подчеркнут ваш индивидуальный вкус и статус. Бриллиантовая дорожка создаёт создаёт мерцающий эффект, привлекая внимание окружающих. 

Характеристики: 
Материал: золото 750/580 пробы, платина (кольцо, возможно, выполнить в белом золоте, розовом золоте, жёлтом золоте или платине). Вставки: Природные бриллианты общим весом 0,182 карат F VVS1 

Как заказать?
Свяжитесь с нашим менеджером для консультации и расчёта стоимости вашего персонального украшения. Мы поможем подобрать идеальный вариант, учитывая ваши предпочтения и бюджет.

* Окончательная стоимость изделия рассчитывается менеджером индивидуально, с учетом ваших размеров, выбранного материала и характеристик камней.

   Указанная стоимость не является публичной офертой.";139 000,00  ;;;
;DSC_2882.jpg;;;;;;;
24;DSC_2786.jpg;Обручальные кольца;Обручальные кольца с уникальным узором;"Обручальные кольца из белого золота с уникальным плетёным узором. Предлагаем вашему вниманию роскошные обручальные кольца, изготовленные из белого золота с оригинальным плетёным узором шириной 5 мм. Кольца станут прекрасным дополнением вашего образа и ярким выражением чувства единства двух сердец. Стильный плетёный узор добавляет кольцам оригинальности и современности, выгодно выделяя вас среди остальных. Ширина 5 мм: Универсальный выбор для мужчин и женщин, обеспечивающий комфорт и эстетику одновременно.

Характеристики: 
Материал: золото 750/580 пробы, платина (кольцо, возможно, выполнить в белом золоте, розовом золоте, жёлтом золоте или платине).

Как заказать?
Свяжитесь с нашим менеджером для консультации и расчёта стоимости вашего персонального украшения. Мы поможем подобрать идеальный вариант, учитывая ваши предпочтения и бюджет.

* Окончательная стоимость изделия рассчитывается менеджером индивидуально, с учетом ваших размеров, выбранного материала и характеристик камней.
   Указанная стоимость не является публичной офертой.";230 000,00  ;;;
;DSC_2794.jpg;;;;;;;
25;DSC_2803.jpg;Обручальные кольца;Обручальные кольца из золота с отпечатками пальцев;"Обручальные кольца из золота с отпечатком оалец и бриллиантом. Хотите удивить любимого человека уникальной вещью? Тогда выбирайте оригинальные золотые обручальные кольца с гравировкой отпечатков пальцев и сияющим натуральным бриллиантом. Эти кольца воплотят память о ваших уникальных прикосновениях навсегда. Настоящий отпечаток пальца: теперь ваши кольца не только украшение, но и уникальное выражение эмоций.

Характеристики: 
Материал: золото 750/580 пробы, платина (кольцо, возможно, выполнить в белом золоте, розовом золоте, жёлтом золоте или платине).

Как заказать?
Свяжитесь с нашим менеджером для консультации и расчёта стоимости вашего персонального украшения. Мы поможем подобрать идеальный вариант, учитывая ваши предпочтения и бюджет.

* Окончательная стоимость изделия рассчитывается менеджером индивидуально, с учетом ваших размеров, выбранного материала и характеристик камней.

   Указанная стоимость не является публичной офертой.";144 000,00  ;;;
26;DSC_2824.jpg;Обручальные кольца;Классические обручальные кольца с бриллиантами;"Обручальные кольца классические с бриллиантовой дорожкой.

Идеально подходящие друг другу, наши классические обручальные кольца станут символом вашей любви и верности. Изготовленные из золота или платины, женское кольцо украшено изящной бриллиантовой дорожкой, подчеркивающей вашу уникальность и индивидуальность.

Благодаря нашему опыту и мастерству ювелиров, мы создаем изделия, которые будут радовать вас долгие годы своей красотой и качеством исполнения.
Характеристики: 
Материал: золото 750/580 пробы, платина (кольцо, возможно, выполнить в белом золоте, розовом золоте, жёлтом золоте или платине).
- Драгоценные вставки: природные бриллианты общим весом 0,195 карат G VVS1 (возможно, сделать индивидуальный подбор драгоценных камней).
Как заказать?
Свяжитесь с нашим менеджером для консультации и расчёта стоимости вашего персонального украшения. Мы поможем подобрать идеальный вариант, учитывая ваши предпочтения и бюджет.

* Окончательная стоимость изделия рассчитывается менеджером индивидуально, с учетом ваших размеров, выбранного материала и характеристик камней.
   Указанная стоимость не является публичной офертой.";180 000,00  ;;;
27;DSC_2831.jpg;Обручальные кольца;Обручальные кольца с природными бриллиантами;"Парные обручальные кольца с природными бриллиантами. Когда любовь объединяет сердца, самое важное — подчеркнуть её уникальность и гармонию. Наши пары обручальных колец созданы специально для тех, кто ценит тонкие акценты и стремление выразить глубокие чувства. Женское кольцо сияет чистотой белых бриллиантов, играющих лучами света и придавая образу особую элегантность. Мужское кольцо демонстрирует глубину и уверенность в себе благодаря чарующему оттенку черных бриллиантов, притягивающих взгляды и олицетворяющих силу духа.
 Особый символизм: белые и черные бриллианты представляют собой баланс противоположностей, подобно самой природе любви — тихой радости и бурным эмоциям.

Характеристики: 
Материал: золото 750/580 пробы, платина (кольцо, возможно, выполнить в белом золоте, розовом золоте, жёлтом золоте или платине).
- Драгоценные вставки: природные бриллианты (возможно, сделать индивидуальный подбор драгоценных камней).
Как заказать?
Свяжитесь с нашим менеджером для консультации и расчёта стоимости вашего персонального украшения. Мы поможем подобрать идеальный вариант, учитывая ваши предпочтения и бюджет.

* Окончательная стоимость изделия рассчитывается менеджером индивидуально, с учетом ваших размеров, выбранного материала и характеристик камней.
   Указанная стоимость не является публичной офертой.";387 000,00  ;;;
28;DSC_2836.jpg;Обручальные кольца;"Обручальные кольца с геометрической фактурой
";"Геометрическая пара обручальных колец из жёлтого золота. Хотите привлечь внимание окружающих красивым дизайном и современным стилем? Тогда обратите внимание на уникальную пару обручальных колец из натурального жёлтого золота с четкими геометрическими гранями на поверхности. Эта пара обручальных колец создана специально для тех, кто ищет нечто необычное и современное. Мягкий блеск и контраст гладких поверхностей с чёткими линиями граней создают особый шарм и визуально освежают привычный облик классических золотых колец. Четкие грани придают дополнительный объем и выразительность кольцам, делая их действительно заметными. 

Характеристики: 
Материал: золото 750/580 пробы, платина (кольцо, возможно, выполнить в белом золоте, розовом золоте, жёлтом золоте или платине).

Как заказать?
Свяжитесь с нашим менеджером для консультации и расчёта стоимости вашего персонального украшения. Мы поможем подобрать идеальный вариант, учитывая ваши предпочтения и бюджет.
   Указанная стоимость не является публичной офертой.";162 000,00  ;;;
29;DSC_2840.jpg;Обручальные кольца;Обручальные кольца с геометрическим узором;"Элегантная пара обручальных колец из желтого золота с геометрическим переплетающимся узором. Эксклюзивная пара обручальных колец, выполненных из жёлтого золота и декорированных тонким геометрическим орнаментом. Современные линии и стильный рисунок, повторяющийся на каждом из колец, гармонично объединяют пару в единое целое, символизируя неразрывную связь и взаимопонимание.

Характеристики: 
Материал: золото 750/580 пробы, платина (кольцо, возможно, выполнить в белом золоте, розовом золоте, жёлтом золоте или платине).

Как заказать?
Свяжитесь с нашим менеджером для консультации и расчёта стоимости вашего персонального украшения. Мы поможем подобрать идеальный вариант, учитывая ваши предпочтения и бюджет.

* Окончательная стоимость изделия рассчитывается менеджером индивидуально, с учетом ваших размеров, выбранного материала и характеристик камней.
   Указанная стоимость не является публичной офертой.";189 000,00  ;;;
30;DSC_2849.jpg;Обручальные кольца;Обручальные кольца с бриллиантами из комбиинированного золота ;"Шикарная пара обручальных колец из комбинированного золота с бриллиантами огранки «Принцесса». Если вы ищете уникальный подарок, подчеркивающий чувство вкуса и стиля, тогда эта пара обручальных колец — именно то, что нужно. Выполненная в сочетании теплого жёлтого и холодного белого золота, она сочетает в себе обаятельную элегантность и современный шик. Особенность женского кольца — бриллианты в огранке «Принцесса», имеющие форму квадрата. Такая редкая форма придает кольцу дополнительную привлекательность и характер, подчёркивая вашу индивидуальность и особенность.
 
Характеристики: 
Материал: золото 750/580 пробы, платина (кольцо, возможно, выполнить в белом золоте, розовом золоте, жёлтом золоте или платине).
- Драгоценные вставки: природные бриллианты квадратной формы. Огранка ""Принцесса"".  (возможно, сделать индивидуальный подбор драгоценных камней).
Как заказать?
Свяжитесь с нашим менеджером для консультации и расчёта стоимости вашего персонального украшения. Мы поможем подобрать идеальный вариант, учитывая ваши предпочтения и бюджет.

* Окончательная стоимость изделия рассчитывается менеджером индивидуально, с учетом ваших размеров, выбранного материала и характеристик камней.

   Указанная стоимость не является публичной офертой.";228 000,00  ;;;
;DSC_2864.jpg;;;;;;;
31;DSC_2852.jpg;Обручальные кольца;Обручальные кольца из белого золота с переплетением и бриллиантами;"Очаровательная пара обручальных колец с переплетением и искрящимися бриллиантами.

 Мечтаете об оригинальных и стильных обручальных кольцах, которые подчеркнут вашу уникальность и романтичность? Вашему вниманию представлена уникальная пара обручальных колец, выполненная с  переплетением с добавлением искрящихся бриллиантов в женском кольце. Особенность женского кольца: Игривость бриллиантов делает женское кольцо необычайно красивым и привлекательным. 

Характеристики: 
Материал: золото 750/580 пробы, платина (кольцо, возможно, выполнить в белом золоте, розовом золоте, жёлтом золоте или платине).
- Драгоценные вставки: природные бриллианты (возможно, сделать индивидуальный подбор драгоценных камней).
Как заказать?
Свяжитесь с нашим менеджером для консультации и расчёта стоимости вашего персонального украшения. Мы поможем подобрать идеальный вариант, учитывая ваши предпочтения и бюджет.

* Окончательная стоимость изделия рассчитывается менеджером индивидуально, с учетом ваших размеров, выбранного материала и характеристик камней.

   Указанная стоимость не является публичной офертой.";;;;
32;DSC_2869.jpg;Обручальные кольца;Обручальные кольца с резьбой;"Обручальные кольца с резьбой — вечный символ истинной любви.
 Ищете оригинальные и значимые обручальные кольца, способные рассказать историю вашей любви? Предлагаем вашему вниманию уникальную пару колец с тонкой ручной резьбой, которая превращает обычные кольца в личные талисманы вашего семейного счастья. Каждая линия резьбы — это отражение глубоких чувств и связи между двумя сердцами. Наряду с традиционной формой, особая декоративная техника превращает кольца в настоящие произведения искусства.

Характеристики: 
Материал: золото 750/580 пробы, платина (кольцо, возможно, выполнить в белом золоте, розовом золоте, жёлтом золоте или платине).

Как заказать?
Свяжитесь с нашим менеджером для консультации и расчёта стоимости вашего персонального украшения. Мы поможем подобрать идеальный вариант, учитывая ваши предпочтения и бюджет.

* Окончательная стоимость изделия рассчитывается менеджером индивидуально, с учетом ваших размеров, выбранного материала и характеристик камней.

   Указанная стоимость не является публичной офертой.";162 000,00  ;;;
33;DSC_2875.jpg;Обручальные кольца;Обручальные кольца из комбинированного золота с бриллиантом;"Обручальные кольца из комбинированного белого и жёлтого золота. Полностью новая концепция сочетания белого и жёлтого золота открывает дверь к созданию совершенно особых обручальных колец, символизирующих чистую любовь и яркие эмоции. Центральное положение природного бриллианта в женском кольце лишь подчеркивает страсть и искренность намерений. 
Характеристики: 
Материал: золото 750/580 пробы, платина (кольцо, возможно, выполнить в белом золоте, розовом золоте, жёлтом золоте или платине).
- Драгоценные вставки: природный бриллиант 0,018 карат G VVS2 (возможно, сделать индивидуальный подбор драгоценных камней).
Как заказать?
Свяжитесь с нашим менеджером для консультации и расчёта стоимости вашего персонального украшения. Мы поможем подобрать идеальный вариант, учитывая ваши предпочтения и бюджет.

* Окончательная стоимость изделия рассчитывается менеджером индивидуально, с учетом ваших размеров, выбранного материала и характеристик камней.

   Указанная стоимость не является публичной офертой.";157 000,00  ;;;
34;DSC_2878.jpg;женские Обручальные кольца;Женское обручальное кольцо с бриллиантами;"Женское обручальное кольцо классическое с бриллиантовой дорожкой.  Женское обручальное кольцо с оригинальной бриллиантовой дорожкой — оно станет настоящим символом любви и верности на многие десятилетия вперед.

Характеристики: 
Материал: золото 750/580 пробы, платина (кольцо, возможно, выполнить в белом золоте, розовом золоте, жёлтом золоте или платине).
- Драгоценные вставки: природные бриллианты общим весом 0,195 карат G VVS2 (возможно, сделать индивидуальный подбор драгоценных камней).
Как заказать?
Свяжитесь с нашим менеджером для консультации и расчёта стоимости вашего персонального украшения. Мы поможем подобрать идеальный вариант, учитывая ваши предпочтения и бюджет.

* Окончательная стоимость изделия рассчитывается менеджером индивидуально, с учетом ваших размеров, выбранного материала и характеристик камней.

   Указанная стоимость не является публичной офертой.";83 000,00  ;;;
35;DSC_2887.jpg;Обручальные кольца;Обручальные кольца ажурные;"Обручальные кольца с резным узором из белого и жёлтого золота. 

Наслаждайтесь элегантностью и утонченностью обручальных колец с изысканным резным узором, выполненных из драгоценного белого и жёлтого золота. Благодаря дизайну кольца сразу обратят на себя внимание окружающих. 

Характеристики: 
Материал: золото 750/580 пробы, платина (кольцо, возможно, выполнить в белом золоте, розовом золоте, жёлтом золоте или платине).

Как заказать?
Свяжитесь с нашим менеджером для консультации и расчёта стоимости вашего персонального украшения. Мы поможем подобрать идеальный вариант, учитывая ваши предпочтения и бюджет.

* Окончательная стоимость изделия рассчитывается менеджером индивидуально, с учетом ваших размеров, выбранного материала и характеристик камней.
   Указанная стоимость не является публичной офертой.";144 000,00  ;;;
36;DSC_2896.jpg;женские Обручальные кольца;Женское обручальное кольцо с крупной бриллиантовой дорожкой;"Потрясающее обручальное кольцо из белого золота с дорожкой крупных бриллиантов. Кольцо из белого золота, щедро украшено большими сверкающими бриллиантами. Кольцо привлекает внимание окружающих. Крупные бриллианты  добавляет серьёзности и драматизма облику кольца, моментально бросаясь в глаза.

Характеристики: 
Материал: золото 750/580 пробы, платина (кольцо, возможно, выполнить в белом золоте, розовом золоте, жёлтом золоте или платине).
- Драгоценные вставки: природные бриллианты общим весом 0,24 карат G VVS1 (возможно, сделать индивидуальный подбор драгоценных камней).
Как заказать?
Свяжитесь с нашим менеджером для консультации и расчёта стоимости вашего персонального украшения. Мы поможем подобрать идеальный вариант, учитывая ваши предпочтения и бюджет.

* Окончательная стоимость изделия рассчитывается менеджером индивидуально, с учетом ваших размеров, выбранного материала и характеристик камней.

   Указанная стоимость не является публичной офертой.";315 000,00  ;;;
37;DSC_2904.jpg;мужские обручальные кольца;Классическое мужское обручальное кольцо;"Элегантное классическое обручальное кольцо из белого золота. Именно это кольцо  подчеркнёт серьезность. 
Кольцо превосходно впишется в гардероб тех, кто предпочитаетлаконичный стиль и классический дизайн.


Характеристики: 
Материал: золото 750/580 пробы, платина (кольцо, возможно, выполнить в белом золоте, розовом золоте, жёлтом золоте или платине).

Как заказать?
Свяжитесь с нашим менеджером для консультации и расчёта стоимости вашего персонального украшения. Мы поможем подобрать идеальный вариант, учитывая ваши предпочтения и бюджет.

* Окончательная стоимость изделия рассчитывается менеджером индивидуально, с учетом ваших размеров, выбранного материала и характеристик камней.

   Указанная стоимость не является публичной офертой.";79 000,00  ;;;
38;DSC_2953.jpg;Серьги, пусеты;"Пусеты с бриллиантом ""Ашер""";"Восхитительные пусеты с центральным крупным бриллиантом огранки «ашер». Прислушиваясь к пожеланиям самых требовательных покупательниц, представляем новую модель пусет, центральной особенностью которой является огромный центральный бриллиант огранки Asher, окруженный кружевом из сверкающих бриллиантов.

 Характеристики: 
Материал: золото 750/580 пробы, платина (кольцо, возможно, выполнить в белом золоте, розовом золоте, жёлтом золоте или платине).
- Драгоценные вставки: природные бриллианты (возможно, сделать индивидуальный подбор драгоценных камней).
Как заказать?
Свяжитесь с нашим менеджером для консультации и расчёта стоимости вашего персонального украшения. Мы поможем подобрать идеальный вариант, учитывая ваши предпочтения и бюджет.

* Окончательная стоимость изделия рассчитывается менеджером индивидуально, с учетом ваших размеров, выбранного материала и характеристик камней.

   Указанная стоимость не является публичной офертой.";по запросу;;;
39;DSC_3183.jpg;Серьги, пусеты;Пусеты с жёлтыми бриллиантами;"Пусеты с центральным крупным желтым бриллиантом огранки «Ашер».  Раскрасьте свой образ с помощью новых ярких пусет, в центре которых сверкает завораживающий желтый бриллиант огранки Asher. Игра солнечного света на камне привнесет в атмосферу праздника легкое дыхание свободы и ощущения удачи.
 Характеристики: 
Материал: золото 750/580 пробы, платина (кольцо, возможно, выполнить в белом золоте, розовом золоте, жёлтом золоте или платине).
- Драгоценные вставки: природные бриллианты (возможно, сделать индивидуальный подбор драгоценных камней).
Как заказать?
Свяжитесь с нашим менеджером для консультации и расчёта стоимости вашего персонального украшения. Мы поможем подобрать идеальный вариант, учитывая ваши предпочтения и бюджет.

* Окончательная стоимость изделия рассчитывается менеджером индивидуально, с учетом ваших размеров, выбранного материала и характеристик камней.
   Указанная стоимость не является публичной офертой.";по запросу;;;
40;DSC_3189.jpg;женские Обручальные кольца;Женское обручальное кольцо с бриллиантами;"Классическое кольцо из белого золота с бриллиантами. Для придания этому кольцу особой изысканности использованы наилучшие природные бриллианты. 
Характеристики: 
Материал: золото 750/580 пробы, платина (кольцо, возможно, выполнить в белом золоте, розовом золоте, жёлтом золоте или платине).
- Драгоценные вставки: природные бриллианты G VVS2 (возможно, сделать индивидуальный подбор драгоценных камней).
Как заказать?
Свяжитесь с нашим менеджером для консультации и расчёта стоимости вашего персонального украшения. Мы поможем подобрать идеальный вариант, учитывая ваши предпочтения и бюджет.

* Окончательная стоимость изделия рассчитывается менеджером индивидуально, с учетом ваших размеров, выбранного материала и характеристик камней.
   Указанная стоимость не является публичной офертой.";180 000,00  ;;;
41;DSC_3196.jpg;Серьги, пусеты;Пусеты из белого золота с грозовой шпинелью;"Изысканные пусеты из белого золота со шпинелью топового мтального оттенка. Откройте для себя мир элегантности и утонченности с новыми пусетами из белого золота, украшенными шпинелью топового стального оттенка. 
Характеристики: 
Материал: золото 750/580 пробы, платина (кольцо, возможно, выполнить в белом золоте, розовом золоте, жёлтом золоте или платине).
- Драгоценные вставки: Шпинель топового стального цветаю  (возможно, сделать индивидуальный подбор драгоценных камней).
Как заказать?
Свяжитесь с нашим менеджером для консультации и расчёта стоимости вашего персонального украшения. Мы поможем подобрать идеальный вариант, учитывая ваши предпочтения и бюджет.

* Окончательная стоимость изделия рассчитывается менеджером индивидуально, с учетом ваших размеров, выбранного материала и характеристик камней.
   Указанная стоимость не является публичной офертой.";165 000,00  ;;;
;;;;;;;;
;;;;;;;;
;;;;;;;;
;;;;;;;;
;;;;;;;;
;;;;;;;;
;;;;;;;;
;;;;;;;;
;;;;;;;;
;;;;;;;;
;;;;;;;;
;;;;;;;;
;;;;;;;;
;;;;;;;;
;;;;;;;;
;;;;;;;;
;;;;;;;;
;;;;;;;;
;;;;;;;;
;;;;;;;;
;;;;;;;;
;;;;;;;;
;;;;;;;;
;;;;;;;;
;;;;;;;;
;;;;;;;;
;;;;;;;;
;;;;;;;;
;;;;;;;;
;;;;;;;;
;;;;;;;;
;;;;;;;;
;;;;;;;;
;;;;;;;;
;;;;;;;;
;;;;;;;;
;;;;;;;;
;;;;;;;;
;;;;;;;;
;;;;;;;;
;;;;;;;;